id;name;origin;description
1;methodologies Sleek;Cheese online Secured;Engineer index
2;leverage composite database;invoice Idaho pixel;Tuna systems haptic
3;extend Legacy;deposit;haptic Kwacha Mobility
4;Wooden Engineer;online;Fresh Jewelery
5;Dakota Savings;parse interface;Wooden
6;overriding;feed Optional;connecting microchip Senior
7;virtual XSS primary;Cotton Computer distributed;Movies Health
8;Rue;Polarised white;Port withdrawal
9;Cotton;reboot syndicate;Rubber Shirt
10;Hampshire Chief Rubber;Investment Zambian Cotton;challenge functionalities Fresh
