id;name;ingredients;instructions
1;Shoes Circle Louisiana;../fake-data/blob/hipster.txt;../fake-data/blob/hipster.txt
2;Niue;../fake-data/blob/hipster.txt;../fake-data/blob/hipster.txt
3;Orchestrator invoice Orchestrator;../fake-data/blob/hipster.txt;../fake-data/blob/hipster.txt
4;Books Wooden Panama;../fake-data/blob/hipster.txt;../fake-data/blob/hipster.txt
5;Salad Metrics;../fake-data/blob/hipster.txt;../fake-data/blob/hipster.txt
6;copy open Direct;../fake-data/blob/hipster.txt;../fake-data/blob/hipster.txt
7;Chips copy reboot;../fake-data/blob/hipster.txt;../fake-data/blob/hipster.txt
8;programming rich Street;../fake-data/blob/hipster.txt;../fake-data/blob/hipster.txt
9;Bedfordshire EXE;../fake-data/blob/hipster.txt;../fake-data/blob/hipster.txt
10;invoice logistical;../fake-data/blob/hipster.txt;../fake-data/blob/hipster.txt
